Node,Label,Type,In-strength,Out-strength,Total strength,Degree centrality,Betweenness centrality,Closeness centrality,Eigenvector centrality,PageRank,Mean percentile
ms_1,1,manuscript,0.5070821529745042,0.7577903682719547,0.7521246458923513,0.9235127478753541,0.9844192634560907,0.660056657223796,0.6657223796033994,0.8470254957507082,0.7622167138810199
ms_186,186,manuscript,0.5070821529745042,0.7577903682719547,0.7521246458923513,0.8753541076487252,0.9320113314447592,0.8413597733711048,0.6175637393767706,0.5439093484419264,0.728399433427762
ms_235,235,manuscript,0.5070821529745042,0.7577903682719547,0.7521246458923513,0.6912181303116147,0.9220963172804533,0.6713881019830028,0.6770538243626062,0.8172804532577904,0.7245042492917848
ms_225,225,manuscript,0.5070821529745042,0.7577903682719547,0.7521246458923513,0.9447592067988668,0.9745042492917847,0.6798866855524079,0.7110481586402266,0.4348441926345609,0.720254957507082
ms_56,56,manuscript,0.5070821529745042,0.7577903682719547,0.7521246458923513,0.8753541076487252,0.9220963172804533,0.7691218130311614,0.669971671388102,0.4971671388101983,0.7188385269121813
ms_180,180,manuscript,0.5070821529745042,0.7577903682719547,0.7521246458923513,0.6912181303116147,0.9220963172804533,0.6756373937677054,0.6813031161473088,0.7634560906515581,0.7188385269121813
ms_70,70,manuscript,0.5070821529745042,0.7577903682719547,0.7521246458923513,0.8753541076487252,0.9220963172804533,0.7691218130311614,0.669971671388102,0.4971671388101983,0.7188385269121813
ms_74,74,manuscript,0.5070821529745042,0.7577903682719547,0.7521246458923513,0.6912181303116147,0.9220963172804533,0.6756373937677054,0.6813031161473088,0.7634560906515581,0.7188385269121813
ms_85,85,manuscript,0.5070821529745042,0.7577903682719547,0.7521246458923513,0.8753541076487252,0.9886685552407932,0.31728045325779036,0.6345609065155807,0.8994334277620396,0.7165368271954674
ms_222,222,manuscript,0.5070821529745042,0.7577903682719547,0.7521246458923513,0.9235127478753541,0.9716713881019831,0.5354107648725213,0.7082152974504249,0.5396600566572238,0.7119334277620397
ms_152,152,manuscript,0.5070821529745042,0.7577903682719547,0.7521246458923513,0.6912181303116147,0.9022662889518414,0.9730878186968839,0.8994334277620396,0.2096317280453258,0.7115793201133145
ms_155,155,manuscript,0.5070821529745042,0.7577903682719547,0.7521246458923513,0.6912181303116147,0.9022662889518414,0.9730878186968839,0.8994334277620396,0.2096317280453258,0.7115793201133145
ms_133,133,manuscript,0.5070821529745042,0.7577903682719547,0.7521246458923513,0.6912181303116147,0.9022662889518414,0.9730878186968839,0.8994334277620396,0.2096317280453258,0.7115793201133145
ms_126,126,manuscript,0.5070821529745042,0.7577903682719547,0.7521246458923513,0.6912181303116147,0.9022662889518414,0.9730878186968839,0.8994334277620396,0.2096317280453258,0.7115793201133145
ms_194,194,manuscript,0.5070821529745042,0.7577903682719547,0.7521246458923513,0.6912181303116147,0.9773371104815864,0.6657223796033994,0.6373937677053825,0.6912181303116147,0.709985835694051
ms_34,34,manuscript,0.5070821529745042,0.7577903682719547,0.7521246458923513,0.6912181303116147,0.8895184135977338,0.9971671388101983,0.8640226628895185,0.2096317280453258,0.7085694050991502
ms_115,115,manuscript,0.5070821529745042,0.7577903682719547,0.7521246458923513,0.6912181303116147,0.9546742209631728,0.546742209631728,0.6317280453257791,0.7818696883852692,0.7029036827195468
ms_46,46,manuscript,0.5070821529745042,0.7577903682719547,0.7521246458923513,0.8753541076487252,0.9603399433427762,0.19263456090651557,0.6203966005665722,0.9178470254957507,0.6979461756373937
ms_302,302,manuscript,0.5070821529745042,0.7577903682719547,0.7521246458923513,0.6912181303116147,0.8087818696883853,0.9943342776203966,0.8611898016997167,0.2096317280453258,0.6977691218130312
ms_90,90,manuscript,0.5070821529745042,0.7577903682719547,0.7521246458923513,0.6912181303116147,0.8668555240793201,0.9065155807365439,0.8668555240793201,0.2096317280453258,0.6947592067988669
ms_176,176,manuscript,0.5070821529745042,0.7577903682719547,0.7521246458923513,0.9235127478753541,0.9660056657223796,0.3059490084985836,0.42492917847025496,0.9121813031161473,0.6936968838526912
ms_213,213,manuscript,0.5070821529745042,0.7577903682719547,0.7521246458923513,0.6912181303116147,0.839943342776204,0.6543909348441926,0.5779036827195467,0.7634560906515581,0.6929886685552408
ms_73,73,manuscript,0.5070821529745042,0.7577903682719547,0.7521246458923513,0.6912181303116147,0.7124645892351275,0.9390934844192634,0.9645892351274787,0.2096317280453258,0.6917492917847026
ms_294,294,manuscript,0.5070821529745042,0.7577903682719547,0.7521246458923513,0.6912181303116147,0.7124645892351275,0.9390934844192634,0.9645892351274787,0.2096317280453258,0.6917492917847026
ms_62,62,manuscript,0.5070821529745042,0.7577903682719547,0.7521246458923513,0.6912181303116147,0.7124645892351275,0.9390934844192634,0.9645892351274787,0.2096317280453258,0.6917492917847026
ms_295,295,manuscript,0.5070821529745042,0.7577903682719547,0.7521246458923513,0.6912181303116147,0.7124645892351275,0.9390934844192634,0.9645892351274787,0.2096317280453258,0.6917492917847026
ms_84,84,manuscript,0.5070821529745042,0.7577903682719547,0.7521246458923513,0.6912181303116147,0.7124645892351275,0.9390934844192634,0.9645892351274787,0.2096317280453258,0.6917492917847026
ms_61,61,manuscript,0.5070821529745042,0.7577903682719547,0.7521246458923513,0.6912181303116147,0.7124645892351275,0.9390934844192634,0.9645892351274787,0.2096317280453258,0.6917492917847026
ms_55,55,manuscript,0.5070821529745042,0.7577903682719547,0.7521246458923513,0.6912181303116147,0.7124645892351275,0.9390934844192634,0.9645892351274787,0.2096317280453258,0.6917492917847026
ms_300,300,manuscript,0.5070821529745042,0.7577903682719547,0.7521246458923513,0.6912181303116147,0.7124645892351275,0.9390934844192634,0.9645892351274787,0.2096317280453258,0.6917492917847026
ms_67,67,manuscript,0.5070821529745042,0.7577903682719547,0.7521246458923513,0.6912181303116147,0.7124645892351275,0.9390934844192634,0.9645892351274787,0.2096317280453258,0.6917492917847026
ms_59,59,manuscript,0.5070821529745042,0.7577903682719547,0.7521246458923513,0.6912181303116147,0.7124645892351275,0.9390934844192634,0.9645892351274787,0.2096317280453258,0.6917492917847026
ms_296,296,manuscript,0.5070821529745042,0.7577903682719547,0.7521246458923513,0.6912181303116147,0.7124645892351275,0.9390934844192634,0.9645892351274787,0.2096317280453258,0.6917492917847026
ms_66,66,manuscript,0.5070821529745042,0.7577903682719547,0.7521246458923513,0.6912181303116147,0.7124645892351275,0.9390934844192634,0.9645892351274787,0.2096317280453258,0.6917492917847026
ms_63,63,manuscript,0.5070821529745042,0.7577903682719547,0.7521246458923513,0.6912181303116147,0.7124645892351275,0.9390934844192634,0.9645892351274787,0.2096317280453258,0.6917492917847026
ms_65,65,manuscript,0.5070821529745042,0.7577903682719547,0.7521246458923513,0.6912181303116147,0.7124645892351275,0.9390934844192634,0.9645892351274787,0.2096317280453258,0.6917492917847026
ms_297,297,manuscript,0.5070821529745042,0.7577903682719547,0.7521246458923513,0.6912181303116147,0.7124645892351275,0.9390934844192634,0.9645892351274787,0.2096317280453258,0.6917492917847026
ms_72,72,manuscript,0.5070821529745042,0.7577903682719547,0.7521246458923513,0.6912181303116147,0.7124645892351275,0.9390934844192634,0.9645892351274787,0.2096317280453258,0.6917492917847026
ms_298,298,manuscript,0.5070821529745042,0.7577903682719547,0.7521246458923513,0.6912181303116147,0.7124645892351275,0.9390934844192634,0.9645892351274787,0.2096317280453258,0.6917492917847026
ms_68,68,manuscript,0.5070821529745042,0.7577903682719547,0.7521246458923513,0.6912181303116147,0.7124645892351275,0.9390934844192634,0.9645892351274787,0.2096317280453258,0.6917492917847026
ms_54,54,manuscript,0.5070821529745042,0.7577903682719547,0.7521246458923513,0.6912181303116147,0.7124645892351275,0.9390934844192634,0.9645892351274787,0.2096317280453258,0.6917492917847026
ms_69,69,manuscript,0.5070821529745042,0.7577903682719547,0.7521246458923513,0.6912181303116147,0.7124645892351275,0.9390934844192634,0.9645892351274787,0.2096317280453258,0.6917492917847026
ms_299,299,manuscript,0.5070821529745042,0.7577903682719547,0.7521246458923513,0.6912181303116147,0.7677053824362606,0.886685552407932,0.9206798866855525,0.2096317280453258,0.686614730878187
ms_189,189,manuscript,0.5070821529745042,0.7577903682719547,0.7521246458923513,0.6912181303116147,0.7677053824362606,0.886685552407932,0.9206798866855525,0.2096317280453258,0.686614730878187
ms_197,197,manuscript,0.5070821529745042,0.7577903682719547,0.7521246458923513,0.6912181303116147,0.7677053824362606,0.886685552407932,0.9206798866855525,0.2096317280453258,0.686614730878187
ms_190,190,manuscript,0.5070821529745042,0.7577903682719547,0.7521246458923513,0.6912181303116147,0.7677053824362606,0.886685552407932,0.9206798866855525,0.2096317280453258,0.686614730878187
ms_191,191,manuscript,0.5070821529745042,0.7577903682719547,0.7521246458923513,0.6912181303116147,0.7677053824362606,0.886685552407932,0.9206798866855525,0.2096317280453258,0.686614730878187
ms_192,192,manuscript,0.5070821529745042,0.7577903682719547,0.7521246458923513,0.6912181303116147,0.7677053824362606,0.886685552407932,0.9206798866855525,0.2096317280453258,0.686614730878187
ms_188,188,manuscript,0.5070821529745042,0.7577903682719547,0.7521246458923513,0.6912181303116147,0.7677053824362606,0.886685552407932,0.9206798866855525,0.2096317280453258,0.686614730878187
ms_187,187,manuscript,0.5070821529745042,0.7577903682719547,0.7521246458923513,0.6912181303116147,0.7677053824362606,0.886685552407932,0.9206798866855525,0.2096317280453258,0.686614730878187
ms_169,169,manuscript,0.5070821529745042,0.7577903682719547,0.7521246458923513,0.6912181303116147,0.8087818696883853,0.886685552407932,0.8796033994334278,0.2096317280453258,0.686614730878187
ms_184,184,manuscript,0.5070821529745042,0.7577903682719547,0.7521246458923513,0.6912181303116147,0.7677053824362606,0.886685552407932,0.9206798866855525,0.2096317280453258,0.686614730878187
ms_76,76,manuscript,0.5070821529745042,0.7577903682719547,0.7521246458923513,0.6912181303116147,0.8087818696883853,0.886685552407932,0.8796033994334278,0.2096317280453258,0.686614730878187
ms_193,193,manuscript,0.5070821529745042,0.7577903682719547,0.7521246458923513,0.6912181303116147,0.7677053824362606,0.886685552407932,0.9206798866855525,0.2096317280453258,0.686614730878187
ms_183,183,manuscript,0.5070821529745042,0.7577903682719547,0.7521246458923513,0.6912181303116147,0.7677053824362606,0.886685552407932,0.9206798866855525,0.2096317280453258,0.686614730878187
ms_30,30,manuscript,0.5070821529745042,0.7577903682719547,0.7521246458923513,0.6912181303116147,0.8087818696883853,0.8441926345609065,0.8583569405099151,0.2096317280453258,0.6786473087818697
ms_249,249,manuscript,0.5070821529745042,0.7577903682719547,0.7521246458923513,0.6912181303116147,0.9348441926345609,0.6827195467422096,0.6288951841359773,0.45325779036827196,0.6759915014164306
ms_94,94,manuscript,0.5070821529745042,0.7577903682719547,0.7521246458923513,0.6912181303116147,0.7464589235127479,0.8654390934844193,0.8739376770538244,0.2096317280453258,0.6754603399433429
ms_93,93,manuscript,0.5070821529745042,0.7577903682719547,0.7521246458923513,0.6912181303116147,0.7464589235127479,0.8654390934844193,0.8739376770538244,0.2096317280453258,0.6754603399433429
ms_81,81,manuscript,0.5070821529745042,0.7577903682719547,0.7521246458923513,0.8753541076487252,0.9419263456090652,0.34419263456090654,0.4631728045325779,0.6019830028328612,0.6554532577903682
ms_79,79,manuscript,0.5070821529745042,0.7577903682719547,0.7521246458923513,0.8753541076487252,0.9419263456090652,0.34419263456090654,0.4631728045325779,0.6019830028328612,0.6554532577903682
ms_119,119,manuscript,0.5070821529745042,0.7577903682719547,0.7521246458923513,0.8753541076487252,0.34277620396600567,0.5439093484419264,0.7223796033994334,0.7365439093484419,0.6547450424929179
ms_16,16,manuscript,0.5070821529745042,0.7577903682719547,0.7521246458923513,0.6912181303116147,0.9631728045325779,0.46742209631728043,0.23512747875354106,0.8611898016997167,0.6543909348441928
ms_35,35,manuscript,0.5070821529745042,0.7577903682719547,0.7521246458923513,0.6912181303116147,0.9220963172804533,0.5297450424929179,0.26628895184135976,0.8031161473087819,0.6536827195467423
ms_248,248,manuscript,0.5070821529745042,0.7577903682719547,0.7521246458923513,0.6912181303116147,0.8895184135977338,0.5325779036827195,0.26912181303116145,0.7492917847025495,0.6435906515580737
ms_185,185,manuscript,0.5070821529745042,0.7577903682719547,0.7521246458923513,0.6912181303116147,0.34277620396600567,0.5042492917847026,0.6062322946175638,0.9518413597733711,0.6391643059490085
ms_274,274,manuscript,0.5070821529745042,0.7577903682719547,0.7521246458923513,0.6912181303116147,0.34277620396600567,0.5042492917847026,0.6062322946175638,0.9518413597733711,0.6391643059490085
ms_28,28,manuscript,0.5070821529745042,0.7577903682719547,0.7521246458923513,0.6912181303116147,0.8583569405099151,0.5269121813031161,0.254957507082153,0.7492917847025495,0.6372167138810199
ms_60,60,manuscript,0.5070821529745042,0.7577903682719547,0.7521246458923513,0.9235127478753541,0.34277620396600567,0.6458923512747875,0.7252124645892352,0.4348441926345609,0.6361543909348442
ms_231,231,manuscript,0.5070821529745042,0.7577903682719547,0.7521246458923513,0.6912181303116147,0.8087818696883853,0.6968838526912181,0.40509915014164305,0.38526912181303113,0.6255311614730877
ms_245,245,manuscript,0.5070821529745042,0.7577903682719547,0.7521246458923513,0.6912181303116147,0.839943342776204,0.6515580736543909,0.2577903682719547,0.48158640226628896,0.6173866855524078
ms_234,234,manuscript,0.5070821529745042,0.7577903682719547,0.7521246458923513,0.6912181303116147,0.8087818696883853,0.6430594900849859,0.37393767705382436,0.38526912181303113,0.6149079320113314
ms_244,244,manuscript,0.5070821529745042,0.7577903682719547,0.7521246458923513,0.8753541076487252,0.8512747875354107,0.17563739376770537,0.14447592067988668,0.8101983002832861,0.609242209631728
ms_220,220,manuscript,0.5070821529745042,0.7577903682719547,0.7521246458923513,0.6912181303116147,0.8087818696883853,0.5240793201133145,0.29745042492917845,0.48158640226628896,0.6025141643059491
ms_255,255,manuscript,0.5070821529745042,0.7577903682719547,0.7521246458923513,0.6912181303116147,0.9475920679886686,0.2577903682719547,0.18980169971671387,0.6331444759206799,0.5920679886685554
ms_233,233,manuscript,0.5070821529745042,0.7577903682719547,0.7521246458923513,0.8753541076487252,0.34277620396600567,0.14589235127478753,0.26062322946175637,0.9886685552407932,0.5787889518413598
ms_258,258,manuscript,0.5070821529745042,0.7577903682719547,0.7521246458923513,0.6912181303116147,0.8810198300283286,0.24929178470254956,0.17563739376770537,0.5864022662889519,0.5750708215297451
ms_260,260,manuscript,0.5070821529745042,0.7577903682719547,0.7521246458923513,0.6912181303116147,0.8810198300283286,0.24929178470254956,0.17563739376770537,0.5864022662889519,0.5750708215297451
ms_259,259,manuscript,0.5070821529745042,0.7577903682719547,0.7521246458923513,0.6912181303116147,0.8810198300283286,0.24929178470254956,0.17563739376770537,0.5864022662889519,0.5750708215297451
ms_269,269,manuscript,0.5070821529745042,0.7577903682719547,0.7521246458923513,0.6912181303116147,0.8087818696883853,0.10339943342776203,0.1954674220963173,0.7747875354107648,0.5738314447592068
ms_257,257,manuscript,0.5070821529745042,0.7577903682719547,0.7521246458923513,0.6912181303116147,0.34277620396600567,0.6288951841359773,0.3980169971671388,0.38526912181303113,0.5578966005665723
ms_264,264,manuscript,0.5070821529745042,0.7577903682719547,0.7521246458923513,0.6912181303116147,0.34277620396600567,0.6288951841359773,0.3980169971671388,0.38526912181303113,0.5578966005665723
ms_265,265,manuscript,0.5070821529745042,0.7577903682719547,0.7521246458923513,0.6912181303116147,0.34277620396600567,0.6288951841359773,0.3980169971671388,0.38526912181303113,0.5578966005665723
ms_251,251,manuscript,0.5070821529745042,0.7577903682719547,0.7521246458923513,0.6912181303116147,0.34277620396600567,0.6288951841359773,0.3980169971671388,0.38526912181303113,0.5578966005665723
ms_164,164,manuscript,0.5070821529745042,0.7577903682719547,0.7521246458923513,0.6912181303116147,0.34277620396600567,0.4702549575070821,0.46742209631728043,0.45325779036827196,0.5552407932011332
ms_113,113,manuscript,0.5070821529745042,0.7577903682719547,0.7521246458923513,0.6912181303116147,0.34277620396600567,0.603399433427762,0.37677053824362605,0.38526912181303113,0.5520538243626062
ms_256,256,manuscript,0.5070821529745042,0.7577903682719547,0.7521246458923513,0.8753541076487252,0.34277620396600567,0.24362606232294617,0.29461756373937675,0.5339943342776204,0.5384206798866855
ms_246,246,manuscript,0.5070821529745042,0.7577903682719547,0.7521246458923513,0.6912181303116147,0.34277620396600567,0.1388101983002833,0.07365439093484419,0.9801699716713881,0.5304532577903683
ms_51,51,manuscript,0.5070821529745042,0.29745042492917845,0.31586402266288954,0.6912181303116147,0.34277620396600567,0.43342776203966005,0.7025495750708215,0.8555240793201133,0.5182365439093484
ms_29,29,manuscript,0.5070821529745042,0.29745042492917845,0.31586402266288954,0.8753541076487252,0.34277620396600567,0.09631728045325778,0.6742209631728046,0.943342776203966,0.5065509915014165
ms_200,200,manuscript,0.5070821529745042,0.7577903682719547,0.7521246458923513,0.6912181303116147,0.34277620396600567,0.17847025495750707,0.19263456090651557,0.6147308781869688,0.5046033994334278
ms_20,20,manuscript,0.5070821529745042,0.29745042492917845,0.31586402266288954,0.6912181303116147,0.34277620396600567,0.47592067988668557,0.71671388101983,0.5750708215297451,0.49026203966005666
ms_47,47,manuscript,0.5070821529745042,0.29745042492917845,0.31586402266288954,0.6912181303116147,0.34277620396600567,0.47592067988668557,0.71671388101983,0.5750708215297451,0.49026203966005666
ms_114,114,manuscript,0.5070821529745042,0.29745042492917845,0.31586402266288954,0.6912181303116147,0.34277620396600567,0.47592067988668557,0.71671388101983,0.5750708215297451,0.49026203966005666
ms_11,11,manuscript,0.5070821529745042,0.29745042492917845,0.31586402266288954,0.6912181303116147,0.34277620396600567,0.7011331444759207,0.6997167138810199,0.34277620396600567,0.4872521246458923
ms_58,58,manuscript,0.5070821529745042,0.29745042492917845,0.31586402266288954,0.6912181303116147,0.34277620396600567,0.18413597733711048,0.623229461756374,0.8994334277620396,0.48264872521246455
ms_232,232,manuscript,0.5070821529745042,0.29745042492917845,0.31586402266288954,0.2818696883852691,0.34277620396600567,0.4886685552407932,0.6558073654390935,0.9688385269121813,0.48229461756373937
ms_53,53,manuscript,0.5070821529745042,0.29745042492917845,0.31586402266288954,0.2818696883852691,0.34277620396600567,0.4886685552407932,0.6558073654390935,0.9688385269121813,0.48229461756373937
ms_71,71,manuscript,0.5070821529745042,0.29745042492917845,0.31586402266288954,0.2818696883852691,0.34277620396600567,0.4886685552407932,0.6558073654390935,0.9688385269121813,0.48229461756373937
ms_199,199,manuscript,0.5070821529745042,0.29745042492917845,0.31586402266288954,0.2818696883852691,0.34277620396600567,0.4886685552407932,0.6558073654390935,0.9688385269121813,0.48229461756373937
ms_57,57,manuscript,0.5070821529745042,0.29745042492917845,0.31586402266288954,0.2818696883852691,0.34277620396600567,0.4886685552407932,0.6558073654390935,0.9688385269121813,0.48229461756373937
ms_48,48,manuscript,0.5070821529745042,0.29745042492917845,0.31586402266288954,0.2818696883852691,0.34277620396600567,0.5042492917847026,0.6062322946175638,0.9518413597733711,0.4759206798866855
ms_275,275,manuscript,0.5070821529745042,0.29745042492917845,0.31586402266288954,0.2818696883852691,0.34277620396600567,0.5042492917847026,0.6062322946175638,0.9518413597733711,0.4759206798866855
ms_171,171,manuscript,0.5070821529745042,0.29745042492917845,0.31586402266288954,0.2818696883852691,0.34277620396600567,0.5042492917847026,0.6062322946175638,0.9518413597733711,0.4759206798866855
ms_41,41,manuscript,0.5070821529745042,0.29745042492917845,0.31586402266288954,0.6912181303116147,0.34277620396600567,0.32011331444759206,0.6855524079320113,0.6203966005665722,0.47255665722379603
ms_78,78,manuscript,0.5070821529745042,0.29745042492917845,0.31586402266288954,0.6912181303116147,0.34277620396600567,0.3342776203966006,0.6940509915014165,0.5524079320113314,0.4668909348441926
ms_206,206,manuscript,0.5070821529745042,0.29745042492917845,0.31586402266288954,0.6912181303116147,0.34277620396600567,0.3342776203966006,0.6940509915014165,0.5524079320113314,0.4668909348441926
ms_223,223,manuscript,0.5070821529745042,0.29745042492917845,0.31586402266288954,0.6912181303116147,0.34277620396600567,0.3342776203966006,0.6940509915014165,0.5524079320113314,0.4668909348441926
ms_25,25,manuscript,0.5070821529745042,0.29745042492917845,0.31586402266288954,0.6912181303116147,0.34277620396600567,0.33994334277620397,0.6883852691218131,0.5396600566572238,0.46529745042492915
ms_101,101,manuscript,0.5070821529745042,0.29745042492917845,0.31586402266288954,0.2818696883852691,0.34277620396600567,0.42917847025495753,0.5821529745042493,0.7634560906515581,0.4399787535410765
ms_105,105,manuscript,0.5070821529745042,0.29745042492917845,0.31586402266288954,0.2818696883852691,0.34277620396600567,0.42917847025495753,0.5821529745042493,0.7634560906515581,0.4399787535410765
ms_109,109,manuscript,0.5070821529745042,0.29745042492917845,0.31586402266288954,0.2818696883852691,0.34277620396600567,0.7691218130311614,0.7889518413597734,0.2096317280453258,0.43909348441926344
ms_4,4,manuscript,0.5070821529745042,0.29745042492917845,0.31586402266288954,0.2818696883852691,0.34277620396600567,0.7691218130311614,0.7889518413597734,0.2096317280453258,0.43909348441926344
ms_179,179,manuscript,0.5070821529745042,0.29745042492917845,0.31586402266288954,0.2818696883852691,0.34277620396600567,0.7691218130311614,0.7889518413597734,0.2096317280453258,0.43909348441926344
ms_13,13,manuscript,0.5070821529745042,0.29745042492917845,0.31586402266288954,0.2818696883852691,0.34277620396600567,0.7691218130311614,0.7889518413597734,0.2096317280453258,0.43909348441926344
ms_91,91,manuscript,0.5070821529745042,0.29745042492917845,0.31586402266288954,0.2818696883852691,0.34277620396600567,0.7691218130311614,0.7889518413597734,0.2096317280453258,0.43909348441926344
ms_210,210,manuscript,0.5070821529745042,0.29745042492917845,0.31586402266288954,0.2818696883852691,0.34277620396600567,0.7691218130311614,0.7889518413597734,0.2096317280453258,0.43909348441926344
ms_6,6,manuscript,0.5070821529745042,0.29745042492917845,0.31586402266288954,0.2818696883852691,0.34277620396600567,0.7691218130311614,0.7889518413597734,0.2096317280453258,0.43909348441926344
ms_153,153,manuscript,0.5070821529745042,0.29745042492917845,0.31586402266288954,0.2818696883852691,0.34277620396600567,0.7691218130311614,0.7889518413597734,0.2096317280453258,0.43909348441926344
ms_182,182,manuscript,0.5070821529745042,0.29745042492917845,0.31586402266288954,0.2818696883852691,0.34277620396600567,0.7691218130311614,0.7889518413597734,0.2096317280453258,0.43909348441926344
ms_214,214,manuscript,0.5070821529745042,0.29745042492917845,0.31586402266288954,0.2818696883852691,0.34277620396600567,0.7691218130311614,0.7889518413597734,0.2096317280453258,0.43909348441926344
ms_97,97,manuscript,0.5070821529745042,0.29745042492917845,0.31586402266288954,0.2818696883852691,0.34277620396600567,0.7691218130311614,0.7889518413597734,0.2096317280453258,0.43909348441926344
ms_26,26,manuscript,0.5070821529745042,0.29745042492917845,0.31586402266288954,0.2818696883852691,0.34277620396600567,0.7691218130311614,0.7889518413597734,0.2096317280453258,0.43909348441926344
ms_211,211,manuscript,0.5070821529745042,0.29745042492917845,0.31586402266288954,0.2818696883852691,0.34277620396600567,0.7691218130311614,0.7889518413597734,0.2096317280453258,0.43909348441926344
ms_64,64,manuscript,0.5070821529745042,0.29745042492917845,0.31586402266288954,0.2818696883852691,0.34277620396600567,0.7691218130311614,0.7889518413597734,0.2096317280453258,0.43909348441926344
ms_99,99,manuscript,0.5070821529745042,0.29745042492917845,0.31586402266288954,0.2818696883852691,0.34277620396600567,0.7691218130311614,0.7889518413597734,0.2096317280453258,0.43909348441926344
ms_209,209,manuscript,0.5070821529745042,0.29745042492917845,0.31586402266288954,0.2818696883852691,0.34277620396600567,0.7691218130311614,0.7889518413597734,0.2096317280453258,0.43909348441926344
ms_217,217,manuscript,0.5070821529745042,0.29745042492917845,0.31586402266288954,0.2818696883852691,0.34277620396600567,0.7691218130311614,0.7889518413597734,0.2096317280453258,0.43909348441926344
ms_103,103,manuscript,0.5070821529745042,0.29745042492917845,0.31586402266288954,0.2818696883852691,0.34277620396600567,0.7691218130311614,0.7889518413597734,0.2096317280453258,0.43909348441926344
ms_195,195,manuscript,0.5070821529745042,0.29745042492917845,0.31586402266288954,0.2818696883852691,0.34277620396600567,0.7691218130311614,0.7889518413597734,0.2096317280453258,0.43909348441926344
ms_32,32,manuscript,0.5070821529745042,0.29745042492917845,0.31586402266288954,0.2818696883852691,0.34277620396600567,0.7691218130311614,0.7889518413597734,0.2096317280453258,0.43909348441926344
ms_92,92,manuscript,0.5070821529745042,0.29745042492917845,0.31586402266288954,0.2818696883852691,0.34277620396600567,0.7691218130311614,0.7889518413597734,0.2096317280453258,0.43909348441926344
ms_301,301,manuscript,0.5070821529745042,0.29745042492917845,0.31586402266288954,0.2818696883852691,0.34277620396600567,0.7691218130311614,0.7889518413597734,0.2096317280453258,0.43909348441926344
ms_104,104,manuscript,0.5070821529745042,0.29745042492917845,0.31586402266288954,0.2818696883852691,0.34277620396600567,0.7691218130311614,0.7889518413597734,0.2096317280453258,0.43909348441926344
ms_158,158,manuscript,0.5070821529745042,0.29745042492917845,0.31586402266288954,0.2818696883852691,0.34277620396600567,0.7691218130311614,0.7889518413597734,0.2096317280453258,0.43909348441926344
ms_136,136,manuscript,0.5070821529745042,0.29745042492917845,0.31586402266288954,0.2818696883852691,0.34277620396600567,0.7691218130311614,0.7889518413597734,0.2096317280453258,0.43909348441926344
ms_122,122,manuscript,0.5070821529745042,0.29745042492917845,0.31586402266288954,0.2818696883852691,0.34277620396600567,0.7691218130311614,0.7889518413597734,0.2096317280453258,0.43909348441926344
ms_106,106,manuscript,0.5070821529745042,0.29745042492917845,0.31586402266288954,0.2818696883852691,0.34277620396600567,0.7691218130311614,0.7889518413597734,0.2096317280453258,0.43909348441926344
ms_50,50,manuscript,0.5070821529745042,0.29745042492917845,0.31586402266288954,0.2818696883852691,0.34277620396600567,0.7691218130311614,0.7889518413597734,0.2096317280453258,0.43909348441926344
ms_216,216,manuscript,0.5070821529745042,0.29745042492917845,0.31586402266288954,0.2818696883852691,0.34277620396600567,0.7691218130311614,0.7889518413597734,0.2096317280453258,0.43909348441926344
ms_108,108,manuscript,0.5070821529745042,0.29745042492917845,0.31586402266288954,0.2818696883852691,0.34277620396600567,0.7691218130311614,0.7889518413597734,0.2096317280453258,0.43909348441926344
ms_33,33,manuscript,0.5070821529745042,0.29745042492917845,0.31586402266288954,0.2818696883852691,0.34277620396600567,0.7691218130311614,0.7889518413597734,0.2096317280453258,0.43909348441926344
ms_95,95,manuscript,0.5070821529745042,0.29745042492917845,0.31586402266288954,0.2818696883852691,0.34277620396600567,0.7691218130311614,0.7889518413597734,0.2096317280453258,0.43909348441926344
ms_7,7,manuscript,0.5070821529745042,0.29745042492917845,0.31586402266288954,0.2818696883852691,0.34277620396600567,0.7691218130311614,0.7889518413597734,0.2096317280453258,0.43909348441926344
ms_9,9,manuscript,0.5070821529745042,0.29745042492917845,0.31586402266288954,0.2818696883852691,0.34277620396600567,0.7691218130311614,0.7889518413597734,0.2096317280453258,0.43909348441926344
ms_27,27,manuscript,0.5070821529745042,0.29745042492917845,0.31586402266288954,0.2818696883852691,0.34277620396600567,0.7691218130311614,0.7889518413597734,0.2096317280453258,0.43909348441926344
ms_107,107,manuscript,0.5070821529745042,0.29745042492917845,0.31586402266288954,0.2818696883852691,0.34277620396600567,0.7691218130311614,0.7889518413597734,0.2096317280453258,0.43909348441926344
ms_163,163,manuscript,0.5070821529745042,0.29745042492917845,0.31586402266288954,0.2818696883852691,0.34277620396600567,0.7691218130311614,0.7889518413597734,0.2096317280453258,0.43909348441926344
ms_196,196,manuscript,0.5070821529745042,0.29745042492917845,0.31586402266288954,0.2818696883852691,0.34277620396600567,0.7691218130311614,0.7889518413597734,0.2096317280453258,0.43909348441926344
ms_218,218,manuscript,0.5070821529745042,0.29745042492917845,0.31586402266288954,0.2818696883852691,0.34277620396600567,0.7691218130311614,0.7889518413597734,0.2096317280453258,0.43909348441926344
ms_242,242,manuscript,0.5070821529745042,0.29745042492917845,0.31586402266288954,0.2818696883852691,0.34277620396600567,0.7691218130311614,0.7889518413597734,0.2096317280453258,0.43909348441926344
ms_154,154,manuscript,0.5070821529745042,0.29745042492917845,0.31586402266288954,0.2818696883852691,0.34277620396600567,0.7691218130311614,0.7889518413597734,0.2096317280453258,0.43909348441926344
ms_96,96,manuscript,0.5070821529745042,0.29745042492917845,0.31586402266288954,0.2818696883852691,0.34277620396600567,0.7691218130311614,0.7889518413597734,0.2096317280453258,0.43909348441926344
ms_40,40,manuscript,0.5070821529745042,0.29745042492917845,0.31586402266288954,0.6912181303116147,0.34277620396600567,0.17280453257790368,0.26345609065155806,0.8895184135977338,0.4350212464589235
ms_215,215,manuscript,0.5070821529745042,0.29745042492917845,0.31586402266288954,0.2818696883852691,0.34277620396600567,0.311614730878187,0.5694050991501416,0.8172804532577904,0.4304178470254958
ms_102,102,manuscript,0.5070821529745042,0.29745042492917845,0.31586402266288954,0.2818696883852691,0.34277620396600567,0.311614730878187,0.5694050991501416,0.8172804532577904,0.4304178470254958
ms_243,243,manuscript,0.5070821529745042,0.29745042492917845,0.31586402266288954,0.2818696883852691,0.34277620396600567,0.311614730878187,0.5694050991501416,0.8172804532577904,0.4304178470254958
ms_110,110,manuscript,0.5070821529745042,0.29745042492917845,0.31586402266288954,0.2818696883852691,0.34277620396600567,0.3286118980169972,0.5750708215297451,0.7634560906515581,0.42652266288951834
ms_151,151,manuscript,0.5070821529745042,0.29745042492917845,0.31586402266288954,0.2818696883852691,0.34277620396600567,0.386685552407932,0.5254957507082153,0.6912181303116147,0.41855524079320117
ms_157,157,manuscript,0.5070821529745042,0.29745042492917845,0.31586402266288954,0.2818696883852691,0.34277620396600567,0.386685552407932,0.5254957507082153,0.6912181303116147,0.41855524079320117
ms_146,146,manuscript,0.5070821529745042,0.29745042492917845,0.31586402266288954,0.2818696883852691,0.34277620396600567,0.386685552407932,0.5254957507082153,0.6912181303116147,0.41855524079320117
ms_141,141,manuscript,0.5070821529745042,0.29745042492917845,0.31586402266288954,0.2818696883852691,0.34277620396600567,0.386685552407932,0.5254957507082153,0.6912181303116147,0.41855524079320117
ms_125,125,manuscript,0.5070821529745042,0.29745042492917845,0.31586402266288954,0.2818696883852691,0.34277620396600567,0.386685552407932,0.5254957507082153,0.6912181303116147,0.41855524079320117
ms_221,221,manuscript,0.5070821529745042,0.29745042492917845,0.31586402266288954,0.2818696883852691,0.34277620396600567,0.386685552407932,0.5254957507082153,0.6912181303116147,0.41855524079320117
ms_117,117,manuscript,0.5070821529745042,0.29745042492917845,0.31586402266288954,0.2818696883852691,0.34277620396600567,0.386685552407932,0.5254957507082153,0.6912181303116147,0.41855524079320117
ms_139,139,manuscript,0.5070821529745042,0.29745042492917845,0.31586402266288954,0.2818696883852691,0.34277620396600567,0.386685552407932,0.5254957507082153,0.6912181303116147,0.41855524079320117
ms_135,135,manuscript,0.5070821529745042,0.29745042492917845,0.31586402266288954,0.2818696883852691,0.34277620396600567,0.386685552407932,0.5254957507082153,0.6912181303116147,0.41855524079320117
ms_137,137,manuscript,0.5070821529745042,0.29745042492917845,0.31586402266288954,0.2818696883852691,0.34277620396600567,0.386685552407932,0.5254957507082153,0.6912181303116147,0.41855524079320117
ms_131,131,manuscript,0.5070821529745042,0.29745042492917845,0.31586402266288954,0.2818696883852691,0.34277620396600567,0.386685552407932,0.5254957507082153,0.6912181303116147,0.41855524079320117
ms_142,142,manuscript,0.5070821529745042,0.29745042492917845,0.31586402266288954,0.2818696883852691,0.34277620396600567,0.386685552407932,0.5254957507082153,0.6912181303116147,0.41855524079320117
ms_148,148,manuscript,0.5070821529745042,0.29745042492917845,0.31586402266288954,0.2818696883852691,0.34277620396600567,0.386685552407932,0.5254957507082153,0.6912181303116147,0.41855524079320117
ms_121,121,manuscript,0.5070821529745042,0.29745042492917845,0.31586402266288954,0.2818696883852691,0.34277620396600567,0.386685552407932,0.5254957507082153,0.6912181303116147,0.41855524079320117
ms_120,120,manuscript,0.5070821529745042,0.29745042492917845,0.31586402266288954,0.2818696883852691,0.34277620396600567,0.386685552407932,0.5254957507082153,0.6912181303116147,0.41855524079320117
ms_144,144,manuscript,0.5070821529745042,0.29745042492917845,0.31586402266288954,0.2818696883852691,0.34277620396600567,0.386685552407932,0.5254957507082153,0.6912181303116147,0.41855524079320117
ms_143,143,manuscript,0.5070821529745042,0.29745042492917845,0.31586402266288954,0.2818696883852691,0.34277620396600567,0.386685552407932,0.5254957507082153,0.6912181303116147,0.41855524079320117
ms_132,132,manuscript,0.5070821529745042,0.29745042492917845,0.31586402266288954,0.2818696883852691,0.34277620396600567,0.386685552407932,0.5254957507082153,0.6912181303116147,0.41855524079320117
ms_138,138,manuscript,0.5070821529745042,0.29745042492917845,0.31586402266288954,0.2818696883852691,0.34277620396600567,0.386685552407932,0.5254957507082153,0.6912181303116147,0.41855524079320117
ms_116,116,manuscript,0.5070821529745042,0.29745042492917845,0.31586402266288954,0.2818696883852691,0.34277620396600567,0.386685552407932,0.5254957507082153,0.6912181303116147,0.41855524079320117
ms_129,129,manuscript,0.5070821529745042,0.29745042492917845,0.31586402266288954,0.2818696883852691,0.34277620396600567,0.386685552407932,0.5254957507082153,0.6912181303116147,0.41855524079320117
ms_128,128,manuscript,0.5070821529745042,0.29745042492917845,0.31586402266288954,0.2818696883852691,0.34277620396600567,0.386685552407932,0.5254957507082153,0.6912181303116147,0.41855524079320117
ms_150,150,manuscript,0.5070821529745042,0.29745042492917845,0.31586402266288954,0.2818696883852691,0.34277620396600567,0.386685552407932,0.5254957507082153,0.6912181303116147,0.41855524079320117
ms_127,127,manuscript,0.5070821529745042,0.29745042492917845,0.31586402266288954,0.2818696883852691,0.34277620396600567,0.386685552407932,0.5254957507082153,0.6912181303116147,0.41855524079320117
ms_236,236,manuscript,0.5070821529745042,0.29745042492917845,0.31586402266288954,0.2818696883852691,0.34277620396600567,0.386685552407932,0.5254957507082153,0.6912181303116147,0.41855524079320117
ms_124,124,manuscript,0.5070821529745042,0.29745042492917845,0.31586402266288954,0.2818696883852691,0.34277620396600567,0.386685552407932,0.5254957507082153,0.6912181303116147,0.41855524079320117
ms_36,36,manuscript,0.5070821529745042,0.29745042492917845,0.31586402266288954,0.2818696883852691,0.34277620396600567,0.5184135977337111,0.24079320113314448,0.8031161473087819,0.4134206798866855
ms_252,252,manuscript,0.5070821529745042,0.29745042492917845,0.31586402266288954,0.2818696883852691,0.34277620396600567,0.5184135977337111,0.24079320113314448,0.8031161473087819,0.4134206798866855
ms_168,168,manuscript,0.5070821529745042,0.29745042492917845,0.31586402266288954,0.2818696883852691,0.34277620396600567,0.5184135977337111,0.24079320113314448,0.8031161473087819,0.4134206798866855
ms_175,175,manuscript,0.5070821529745042,0.29745042492917845,0.31586402266288954,0.2818696883852691,0.34277620396600567,0.26487252124645894,0.386685552407932,0.9093484419263456,0.413243626062323
ms_149,149,manuscript,0.5070821529745042,0.29745042492917845,0.31586402266288954,0.6912181303116147,0.34277620396600567,0.11756373937677053,0.4178470254957507,0.6019830028328612,0.4114730878186969
ms_134,134,manuscript,0.5070821529745042,0.29745042492917845,0.31586402266288954,0.6912181303116147,0.34277620396600567,0.11756373937677053,0.4178470254957507,0.6019830028328612,0.4114730878186969
ms_140,140,manuscript,0.5070821529745042,0.29745042492917845,0.31586402266288954,0.6912181303116147,0.34277620396600567,0.11756373937677053,0.4178470254957507,0.6019830028328612,0.4114730878186969
ms_273,273,manuscript,0.5070821529745042,0.29745042492917845,0.31586402266288954,0.6912181303116147,0.34277620396600567,0.11756373937677053,0.4178470254957507,0.6019830028328612,0.4114730878186969
ms_227,227,manuscript,0.5070821529745042,0.29745042492917845,0.31586402266288954,0.6912181303116147,0.34277620396600567,0.08498583569405099,0.14730878186968838,0.8923512747875354,0.4098796033994334
ms_263,263,manuscript,0.5070821529745042,0.29745042492917845,0.31586402266288954,0.6912181303116147,0.34277620396600567,0.3243626062322946,0.29036827195467424,0.42917847025495753,0.39978753541076484
ms_228,228,manuscript,0.5070821529745042,0.29745042492917845,0.31586402266288954,0.6912181303116147,0.34277620396600567,0.3243626062322946,0.29036827195467424,0.42917847025495753,0.39978753541076484
ms_8,8,manuscript,0.5070821529745042,0.29745042492917845,0.31586402266288954,0.6912181303116147,0.34277620396600567,0.07932011331444759,0.0679886685552408,0.8951841359773371,0.3996104815864022
ms_86,86,manuscript,0.5070821529745042,0.29745042492917845,0.31586402266288954,0.2818696883852691,0.34277620396600567,0.2762039660056657,0.2790368271954674,0.8739376770538244,0.3967776203966005
ms_279,279,manuscript,0.5070821529745042,0.29745042492917845,0.31586402266288954,0.2818696883852691,0.34277620396600567,0.2762039660056657,0.2790368271954674,0.8739376770538244,0.3967776203966005
ms_278,278,manuscript,0.5070821529745042,0.29745042492917845,0.31586402266288954,0.2818696883852691,0.34277620396600567,0.2762039660056657,0.2790368271954674,0.8739376770538244,0.3967776203966005
ms_276,276,manuscript,0.5070821529745042,0.29745042492917845,0.31586402266288954,0.2818696883852691,0.34277620396600567,0.2762039660056657,0.2790368271954674,0.8739376770538244,0.3967776203966005
ms_266,266,manuscript,0.5070821529745042,0.29745042492917845,0.31586402266288954,0.6912181303116147,0.34277620396600567,0.0821529745042493,0.11898016997167139,0.7847025495750708,0.392528328611898
ms_262,262,manuscript,0.5070821529745042,0.29745042492917845,0.31586402266288954,0.6912181303116147,0.34277620396600567,0.1813031161473088,0.2521246458923513,0.5339943342776204,0.39022662889518417
ms_83,83,manuscript,0.5070821529745042,0.29745042492917845,0.31586402266288954,0.2818696883852691,0.34277620396600567,0.4461756373937677,0.4376770538243626,0.45325779036827196,0.38526912181303113
ms_240,240,manuscript,0.5070821529745042,0.29745042492917845,0.31586402266288954,0.2818696883852691,0.34277620396600567,0.4461756373937677,0.4376770538243626,0.45325779036827196,0.38526912181303113
ms_88,88,manuscript,0.5070821529745042,0.29745042492917845,0.31586402266288954,0.2818696883852691,0.34277620396600567,0.4461756373937677,0.4376770538243626,0.45325779036827196,0.38526912181303113
ms_77,77,manuscript,0.5070821529745042,0.29745042492917845,0.31586402266288954,0.2818696883852691,0.34277620396600567,0.4461756373937677,0.4376770538243626,0.45325779036827196,0.38526912181303113
ms_277,277,manuscript,0.5070821529745042,0.29745042492917845,0.31586402266288954,0.2818696883852691,0.34277620396600567,0.4461756373937677,0.4376770538243626,0.45325779036827196,0.38526912181303113
ms_238,238,manuscript,0.5070821529745042,0.29745042492917845,0.31586402266288954,0.2818696883852691,0.34277620396600567,0.4461756373937677,0.4376770538243626,0.45325779036827196,0.38526912181303113
ms_239,239,manuscript,0.5070821529745042,0.29745042492917845,0.31586402266288954,0.2818696883852691,0.34277620396600567,0.4461756373937677,0.4376770538243626,0.45325779036827196,0.38526912181303113
ms_280,280,manuscript,0.5070821529745042,0.29745042492917845,0.31586402266288954,0.2818696883852691,0.34277620396600567,0.4461756373937677,0.4376770538243626,0.45325779036827196,0.38526912181303113
ms_15,15,manuscript,0.5070821529745042,0.29745042492917845,0.31586402266288954,0.2818696883852691,0.34277620396600567,0.23654390934844194,0.15439093484419264,0.9277620396600567,0.38296742209631723
ms_18,18,manuscript,0.5070821529745042,0.29745042492917845,0.31586402266288954,0.2818696883852691,0.34277620396600567,0.23654390934844194,0.15439093484419264,0.9277620396600567,0.38296742209631723
ms_178,178,manuscript,0.5070821529745042,0.29745042492917845,0.31586402266288954,0.2818696883852691,0.34277620396600567,0.254957507082153,0.11614730878186968,0.9348441926345609,0.3813739376770538
ms_162,162,manuscript,0.5070821529745042,0.29745042492917845,0.31586402266288954,0.2818696883852691,0.34277620396600567,0.5679886685552408,0.32152974504249293,0.38526912181303113,0.3774787535410765
ms_174,174,manuscript,0.5070821529745042,0.29745042492917845,0.31586402266288954,0.2818696883852691,0.34277620396600567,0.5679886685552408,0.32152974504249293,0.38526912181303113,0.3774787535410765
ms_291,291,manuscript,0.5070821529745042,0.29745042492917845,0.31586402266288954,0.2818696883852691,0.34277620396600567,0.5679886685552408,0.32152974504249293,0.38526912181303113,0.3774787535410765
ms_177,177,manuscript,0.5070821529745042,0.29745042492917845,0.31586402266288954,0.2818696883852691,0.34277620396600567,0.5679886685552408,0.32152974504249293,0.38526912181303113,0.3774787535410765
ms_165,165,manuscript,0.5070821529745042,0.29745042492917845,0.31586402266288954,0.2818696883852691,0.34277620396600567,0.5679886685552408,0.32152974504249293,0.38526912181303113,0.3774787535410765
ms_159,159,manuscript,0.5070821529745042,0.29745042492917845,0.31586402266288954,0.2818696883852691,0.34277620396600567,0.5679886685552408,0.32152974504249293,0.38526912181303113,0.3774787535410765
ms_160,160,manuscript,0.5070821529745042,0.29745042492917845,0.31586402266288954,0.2818696883852691,0.34277620396600567,0.5679886685552408,0.32152974504249293,0.38526912181303113,0.3774787535410765
ms_10,10,manuscript,0.5070821529745042,0.29745042492917845,0.31586402266288954,0.2818696883852691,0.34277620396600567,0.5679886685552408,0.32152974504249293,0.38526912181303113,0.3774787535410765
ms_17,17,manuscript,0.5070821529745042,0.29745042492917845,0.31586402266288954,0.2818696883852691,0.34277620396600567,0.5679886685552408,0.32152974504249293,0.38526912181303113,0.3774787535410765
ms_24,24,manuscript,0.5070821529745042,0.29745042492917845,0.31586402266288954,0.2818696883852691,0.34277620396600567,0.5679886685552408,0.32152974504249293,0.38526912181303113,0.3774787535410765
ms_19,19,manuscript,0.5070821529745042,0.29745042492917845,0.31586402266288954,0.2818696883852691,0.34277620396600567,0.5679886685552408,0.32152974504249293,0.38526912181303113,0.3774787535410765
ms_267,267,manuscript,0.5070821529745042,0.29745042492917845,0.31586402266288954,0.2818696883852691,0.34277620396600567,0.5679886685552408,0.32152974504249293,0.38526912181303113,0.3774787535410765
ms_12,12,manuscript,0.5070821529745042,0.29745042492917845,0.31586402266288954,0.2818696883852691,0.34277620396600567,0.5679886685552408,0.32152974504249293,0.38526912181303113,0.3774787535410765
ms_261,261,manuscript,0.5070821529745042,0.29745042492917845,0.31586402266288954,0.2818696883852691,0.34277620396600567,0.5679886685552408,0.32152974504249293,0.38526912181303113,0.3774787535410765
ms_75,75,manuscript,0.039660056657223795,0.7577903682719547,0.31586402266288954,0.2818696883852691,0.34277620396600567,0.4886685552407932,0.6558073654390935,0.039660056657223795,0.36526203966005666
ms_173,173,manuscript,0.5070821529745042,0.29745042492917845,0.31586402266288954,0.2818696883852691,0.34277620396600567,0.1671388101983003,0.09348441926345609,0.8654390934844193,0.3588881019830028
ms_21,21,manuscript,0.5070821529745042,0.29745042492917845,0.31586402266288954,0.2818696883852691,0.34277620396600567,0.1671388101983003,0.09348441926345609,0.8654390934844193,0.3588881019830028
ms_254,254,manuscript,0.5070821529745042,0.29745042492917845,0.31586402266288954,0.2818696883852691,0.34277620396600567,0.1501416430594901,0.10764872521246459,0.8583569405099151,0.3576487252124646
ms_5,5,manuscript,0.5070821529745042,0.29745042492917845,0.31586402266288954,0.6912181303116147,0.34277620396600567,0.0906515580736544,0.06515580736543909,0.546742209631728,0.35711756373937675
ms_202,202,manuscript,0.5070821529745042,0.29745042492917845,0.31586402266288954,0.2818696883852691,0.34277620396600567,0.15722379603399433,0.10339943342776203,0.8512747875354107,0.35711756373937675
ms_118,118,manuscript,0.5070821529745042,0.29745042492917845,0.31586402266288954,0.2818696883852691,0.34277620396600567,0.15722379603399433,0.10339943342776203,0.8512747875354107,0.35711756373937675
ms_198,198,manuscript,0.5070821529745042,0.29745042492917845,0.31586402266288954,0.2818696883852691,0.34277620396600567,0.10906515580736544,0.24787535410764872,0.7322946175637394,0.35428470254957506
ms_170,170,manuscript,0.5070821529745042,0.29745042492917845,0.31586402266288954,0.2818696883852691,0.34277620396600567,0.10906515580736544,0.24787535410764872,0.7322946175637394,0.35428470254957506
ms_80,80,manuscript,0.5070821529745042,0.29745042492917845,0.31586402266288954,0.2818696883852691,0.34277620396600567,0.12889518413597734,0.16288951841359772,0.7917847025495751,0.35357648725212465
ms_82,82,manuscript,0.5070821529745042,0.29745042492917845,0.31586402266288954,0.2818696883852691,0.34277620396600567,0.12889518413597734,0.16288951841359772,0.7917847025495751,0.35357648725212465
ms_229,229,manuscript,0.5070821529745042,0.29745042492917845,0.31586402266288954,0.2818696883852691,0.34277620396600567,0.12889518413597734,0.16288951841359772,0.7917847025495751,0.35357648725212465
ms_293,293,manuscript,0.5070821529745042,0.29745042492917845,0.31586402266288954,0.2818696883852691,0.34277620396600567,0.12889518413597734,0.16288951841359772,0.7917847025495751,0.35357648725212465
ms_145,145,manuscript,0.5070821529745042,0.29745042492917845,0.31586402266288954,0.2818696883852691,0.34277620396600567,0.1388101983002833,0.07365439093484419,0.8257790368271954,0.34791076487252126
ms_22,22,manuscript,0.5070821529745042,0.29745042492917845,0.31586402266288954,0.2818696883852691,0.34277620396600567,0.1388101983002833,0.07365439093484419,0.8257790368271954,0.34791076487252126
ms_270,270,manuscript,0.5070821529745042,0.29745042492917845,0.31586402266288954,0.2818696883852691,0.34277620396600567,0.09915014164305949,0.1501416430594901,0.7747875354107648,0.3461402266288952
ms_112,112,manuscript,0.5070821529745042,0.29745042492917845,0.31586402266288954,0.2818696883852691,0.34277620396600567,0.29320113314447593,0.22237960339943344,0.48158640226628896,0.34277620396600567
ms_123,123,manuscript,0.5070821529745042,0.29745042492917845,0.31586402266288954,0.2818696883852691,0.34277620396600567,0.29320113314447593,0.22237960339943344,0.48158640226628896,0.34277620396600567
ms_230,230,manuscript,0.5070821529745042,0.29745042492917845,0.31586402266288954,0.2818696883852691,0.34277620396600567,0.29320113314447593,0.22237960339943344,0.48158640226628896,0.34277620396600567
ms_167,167,manuscript,0.5070821529745042,0.29745042492917845,0.31586402266288954,0.2818696883852691,0.34277620396600567,0.29320113314447593,0.22237960339943344,0.48158640226628896,0.34277620396600567
ms_237,237,manuscript,0.5070821529745042,0.29745042492917845,0.31586402266288954,0.2818696883852691,0.34277620396600567,0.29320113314447593,0.22237960339943344,0.48158640226628896,0.34277620396600567
ms_224,224,manuscript,0.5070821529745042,0.29745042492917845,0.31586402266288954,0.2818696883852691,0.34277620396600567,0.29320113314447593,0.22237960339943344,0.48158640226628896,0.34277620396600567
ms_212,212,manuscript,0.5070821529745042,0.29745042492917845,0.31586402266288954,0.2818696883852691,0.34277620396600567,0.09348441926345609,0.06232294617563739,0.8385269121813032,0.34242209631728043
ms_43,43,manuscript,0.5070821529745042,0.29745042492917845,0.31586402266288954,0.2818696883852691,0.34277620396600567,0.22662889518413598,0.20396600566572237,0.5637393767705382,0.34242209631728043
ms_45,45,manuscript,0.5070821529745042,0.29745042492917845,0.31586402266288954,0.2818696883852691,0.34277620396600567,0.22662889518413598,0.20396600566572237,0.5637393767705382,0.34242209631728043
ms_250,250,manuscript,0.5070821529745042,0.29745042492917845,0.31586402266288954,0.2818696883852691,0.34277620396600567,0.22662889518413598,0.20396600566572237,0.5637393767705382,0.34242209631728043
ms_292,292,manuscript,0.5070821529745042,0.29745042492917845,0.31586402266288954,0.2818696883852691,0.34277620396600567,0.22662889518413598,0.20396600566572237,0.5637393767705382,0.34242209631728043
ms_38,38,manuscript,0.5070821529745042,0.29745042492917845,0.31586402266288954,0.2818696883852691,0.34277620396600567,0.22662889518413598,0.20396600566572237,0.5637393767705382,0.34242209631728043
ms_272,272,manuscript,0.5070821529745042,0.29745042492917845,0.31586402266288954,0.2818696883852691,0.34277620396600567,0.15722379603399433,0.08073654390934844,0.7492917847025495,0.3415368271954674
ms_203,203,manuscript,0.5070821529745042,0.29745042492917845,0.31586402266288954,0.2818696883852691,0.34277620396600567,0.15722379603399433,0.08073654390934844,0.7492917847025495,0.3415368271954674
ms_111,111,manuscript,0.5070821529745042,0.29745042492917845,0.31586402266288954,0.2818696883852691,0.34277620396600567,0.20821529745042494,0.13172804532577903,0.6331444759206799,0.33976628895184136
ms_49,49,manuscript,0.5070821529745042,0.29745042492917845,0.31586402266288954,0.2818696883852691,0.34277620396600567,0.20821529745042494,0.13172804532577903,0.6331444759206799,0.33976628895184136
ms_161,161,manuscript,0.5070821529745042,0.29745042492917845,0.31586402266288954,0.2818696883852691,0.34277620396600567,0.20821529745042494,0.13172804532577903,0.6331444759206799,0.33976628895184136
ms_31,31,manuscript,0.5070821529745042,0.29745042492917845,0.31586402266288954,0.2818696883852691,0.34277620396600567,0.20821529745042494,0.13172804532577903,0.6331444759206799,0.33976628895184136
ms_44,44,manuscript,0.5070821529745042,0.29745042492917845,0.31586402266288954,0.2818696883852691,0.34277620396600567,0.20821529745042494,0.13172804532577903,0.6331444759206799,0.33976628895184136
ms_166,166,manuscript,0.5070821529745042,0.29745042492917845,0.31586402266288954,0.2818696883852691,0.34277620396600567,0.20821529745042494,0.13172804532577903,0.6331444759206799,0.33976628895184136
ms_23,23,manuscript,0.5070821529745042,0.29745042492917845,0.31586402266288954,0.2818696883852691,0.34277620396600567,0.20821529745042494,0.13172804532577903,0.6331444759206799,0.33976628895184136
ms_130,130,manuscript,0.039660056657223795,0.7577903682719547,0.31586402266288954,0.2818696883852691,0.34277620396600567,0.386685552407932,0.5254957507082153,0.039660056657223795,0.33622521246458925
ms_147,147,manuscript,0.039660056657223795,0.7577903682719547,0.31586402266288954,0.2818696883852691,0.34277620396600567,0.386685552407932,0.5254957507082153,0.039660056657223795,0.33622521246458925
ms_205,205,manuscript,0.5070821529745042,0.29745042492917845,0.31586402266288954,0.2818696883852691,0.34277620396600567,0.07365439093484419,0.18413597733711048,0.6487252124645893,0.33144475920679883
ms_100,100,manuscript,0.5070821529745042,0.29745042492917845,0.31586402266288954,0.2818696883852691,0.34277620396600567,0.07365439093484419,0.18413597733711048,0.6487252124645893,0.33144475920679883
ms_207,207,manuscript,0.5070821529745042,0.29745042492917845,0.31586402266288954,0.2818696883852691,0.34277620396600567,0.07365439093484419,0.18413597733711048,0.6487252124645893,0.33144475920679883
ms_208,208,manuscript,0.5070821529745042,0.29745042492917845,0.31586402266288954,0.2818696883852691,0.34277620396600567,0.06373937677053824,0.08640226628895184,0.7407932011331445,0.3294971671388102
ms_42,42,manuscript,0.5070821529745042,0.29745042492917845,0.31586402266288954,0.2818696883852691,0.34277620396600567,0.19263456090651557,0.11189801699716714,0.5864022662889519,0.3294971671388102
ms_204,204,manuscript,0.5070821529745042,0.29745042492917845,0.31586402266288954,0.2818696883852691,0.34277620396600567,0.06373937677053824,0.08640226628895184,0.7407932011331445,0.3294971671388102
ms_253,253,manuscript,0.5070821529745042,0.29745042492917845,0.31586402266288954,0.2818696883852691,0.34277620396600567,0.19263456090651557,0.11189801699716714,0.5864022662889519,0.3294971671388102
ms_201,201,manuscript,0.5070821529745042,0.29745042492917845,0.31586402266288954,0.2818696883852691,0.34277620396600567,0.08781869688385269,0.16997167138810199,0.6147308781869688,0.32719546742209626
ms_271,271,manuscript,0.039660056657223795,0.7577903682719547,0.31586402266288954,0.2818696883852691,0.34277620396600567,0.26487252124645894,0.386685552407932,0.039660056657223795,0.3036473087818697
ms_52,52,manuscript,0.039660056657223795,0.7577903682719547,0.31586402266288954,0.2818696883852691,0.34277620396600567,0.26062322946175637,0.3597733711048159,0.039660056657223795,0.29975212464589235
ms_3,3,manuscript,0.5070821529745042,0.29745042492917845,0.31586402266288954,0.2818696883852691,0.34277620396600567,0.042492917847025496,0.042492917847025496,0.5155807365439093,0.29320113314447593
ms_285,285,manuscript,0.5070821529745042,0.29745042492917845,0.31586402266288954,0.2818696883852691,0.34277620396600567,0.042492917847025496,0.042492917847025496,0.5155807365439093,0.29320113314447593
ms_284,284,manuscript,0.5070821529745042,0.29745042492917845,0.31586402266288954,0.2818696883852691,0.34277620396600567,0.042492917847025496,0.042492917847025496,0.5155807365439093,0.29320113314447593
ms_289,289,manuscript,0.5070821529745042,0.29745042492917845,0.31586402266288954,0.2818696883852691,0.34277620396600567,0.042492917847025496,0.042492917847025496,0.5155807365439093,0.29320113314447593
ms_286,286,manuscript,0.5070821529745042,0.29745042492917845,0.31586402266288954,0.2818696883852691,0.34277620396600567,0.042492917847025496,0.042492917847025496,0.5155807365439093,0.29320113314447593
ms_288,288,manuscript,0.5070821529745042,0.29745042492917845,0.31586402266288954,0.2818696883852691,0.34277620396600567,0.042492917847025496,0.042492917847025496,0.5155807365439093,0.29320113314447593
ms_282,282,manuscript,0.5070821529745042,0.29745042492917845,0.31586402266288954,0.2818696883852691,0.34277620396600567,0.042492917847025496,0.042492917847025496,0.5155807365439093,0.29320113314447593
ms_287,287,manuscript,0.5070821529745042,0.29745042492917845,0.31586402266288954,0.2818696883852691,0.34277620396600567,0.042492917847025496,0.042492917847025496,0.5155807365439093,0.29320113314447593
ms_2,2,manuscript,0.5070821529745042,0.29745042492917845,0.31586402266288954,0.2818696883852691,0.34277620396600567,0.042492917847025496,0.042492917847025496,0.5155807365439093,0.29320113314447593
ms_283,283,manuscript,0.5070821529745042,0.29745042492917845,0.31586402266288954,0.2818696883852691,0.34277620396600567,0.042492917847025496,0.042492917847025496,0.5155807365439093,0.29320113314447593
ms_290,290,manuscript,0.5070821529745042,0.29745042492917845,0.31586402266288954,0.2818696883852691,0.34277620396600567,0.042492917847025496,0.042492917847025496,0.5155807365439093,0.29320113314447593
ms_89,89,manuscript,0.039660056657223795,0.7577903682719547,0.31586402266288954,0.2818696883852691,0.34277620396600567,0.2762039660056657,0.2790368271954674,0.039660056657223795,0.29160764872521244
ms_219,219,manuscript,0.039660056657223795,0.7577903682719547,0.31586402266288954,0.2818696883852691,0.34277620396600567,0.2762039660056657,0.2790368271954674,0.039660056657223795,0.29160764872521244
ms_247,247,manuscript,0.039660056657223795,0.7577903682719547,0.31586402266288954,0.2818696883852691,0.34277620396600567,0.18696883852691218,0.21246458923512748,0.039660056657223795,0.27213172804532576
ms_268,268,manuscript,0.039660056657223795,0.7577903682719547,0.31586402266288954,0.2818696883852691,0.34277620396600567,0.20821529745042494,0.13172804532577903,0.039660056657223795,0.2646954674220963
ms_241,241,manuscript,0.039660056657223795,0.7577903682719547,0.31586402266288954,0.2818696883852691,0.34277620396600567,0.1671388101983003,0.09348441926345609,0.039660056657223795,0.25478045325779036
ms_37,37,manuscript,0.039660056657223795,0.7577903682719547,0.31586402266288954,0.2818696883852691,0.34277620396600567,0.14589235127478753,0.09915014164305949,0.039660056657223795,0.2528328611898017
ms_172,172,manuscript,0.039660056657223795,0.29745042492917845,0.014164305949008499,0.014164305949008499,0.34277620396600567,0.014164305949008499,0.014164305949008499,0.039660056657223795,0.09702549575070823
ms_226,226,manuscript,0.039660056657223795,0.29745042492917845,0.014164305949008499,0.014164305949008499,0.34277620396600567,0.014164305949008499,0.014164305949008499,0.039660056657223795,0.09702549575070823
ms_281,281,manuscript,0.039660056657223795,0.29745042492917845,0.014164305949008499,0.014164305949008499,0.34277620396600567,0.014164305949008499,0.014164305949008499,0.039660056657223795,0.09702549575070823
ms_87,87,manuscript,0.039660056657223795,0.29745042492917845,0.014164305949008499,0.014164305949008499,0.34277620396600567,0.014164305949008499,0.014164305949008499,0.039660056657223795,0.09702549575070823
ms_39,39,manuscript,0.039660056657223795,0.29745042492917845,0.014164305949008499,0.014164305949008499,0.34277620396600567,0.014164305949008499,0.014164305949008499,0.039660056657223795,0.09702549575070823
ms_14,14,manuscript,0.039660056657223795,0.29745042492917845,0.014164305949008499,0.014164305949008499,0.34277620396600567,0.014164305949008499,0.014164305949008499,0.039660056657223795,0.09702549575070823
ms_181,181,manuscript,0.039660056657223795,0.29745042492917845,0.014164305949008499,0.014164305949008499,0.34277620396600567,0.014164305949008499,0.014164305949008499,0.039660056657223795,0.09702549575070823
ms_156,156,manuscript,0.039660056657223795,0.29745042492917845,0.014164305949008499,0.014164305949008499,0.34277620396600567,0.014164305949008499,0.014164305949008499,0.039660056657223795,0.09702549575070823
ms_98,98,manuscript,0.039660056657223795,0.29745042492917845,0.014164305949008499,0.014164305949008499,0.34277620396600567,0.014164305949008499,0.014164305949008499,0.039660056657223795,0.09702549575070823
